network,platform,latitude,longitude,date,mass_concentration_of_chlorophyll_in_sea_water 
SCCF RECON,ioos:station:SCCF:53,26.6493,-81.8810,2021-11-01T04:00:00Z,4.8 
SCCF RECON,ioos:station:SCCF:53,26.6493,-81.8810,2021-11-01T05:00:00Z,4.76 
SCCF RECON,ioos:station:SCCF:53,26.6493,-81.8810,2021-11-01T06:00:00Z,4.73 
SCCF RECON,ioos:station:SCCF:53,26.6493,-81.8810,2021-11-01T07:00:00Z,4.77 
SCCF RECON,ioos:station:SCCF:53,26.6493,-81.8810,2021-11-01T08:00:00Z,4.67 
SCCF RECON,ioos:station:SCCF:53,26.6493,-81.8810,2021-11-01T09:00:00Z,4.82 
SCCF RECON,ioos:station:SCCF:53,26.6493,-81.8810,2021-11-01T10:00:00Z,4.72 
SCCF RECON,ioos:station:SCCF:53,26.6493,-81.8810,2021-11-01T11:00:00Z,4.75 
SCCF RECON,ioos:station:SCCF:53,26.6493,-81.8810,2021-11-01T12:00:00Z,4.69 
SCCF RECON,ioos:station:SCCF:53,26.6493,-81.8810,2021-11-01T13:00:00Z,4.65 
SCCF RECON,ioos:station:SCCF:53,26.6493,-81.8810,2021-11-01T14:00:00Z,4.8 
SCCF RECON,ioos:station:SCCF:53,26.6493,-81.8810,2021-11-01T15:00:00Z,4.82 
SCCF RECON,ioos:station:SCCF:53,26.6493,-81.8810,2021-11-01T16:00:00Z,4.81 
SCCF RECON,ioos:station:SCCF:53,26.6493,-81.8810,2021-11-01T17:00:00Z,4.86 
SCCF RECON,ioos:station:SCCF:53,26.6493,-81.8810,2021-11-01T18:00:00Z,4.83 
SCCF RECON,ioos:station:SCCF:53,26.6493,-81.8810,2021-11-01T19:00:00Z,4.78 
SCCF RECON,ioos:station:SCCF:53,26.6493,-81.8810,2021-11-01T20:00:00Z,4.85 
SCCF RECON,ioos:station:SCCF:53,26.6493,-81.8810,2021-11-01T21:00:00Z,4.89 
SCCF RECON,ioos:station:SCCF:53,26.6493,-81.8810,2021-11-01T22:00:00Z,4.98 
SCCF RECON,ioos:station:SCCF:53,26.6493,-81.8810,2021-11-02T04:00:00Z,4.84 
SCCF RECON,ioos:station:SCCF:53,26.6493,-81.8810,2021-11-02T05:00:00Z,4.93 
SCCF RECON,ioos:station:SCCF:53,26.6493,-81.8810,2021-11-02T06:00:00Z,4.94 
SCCF RECON,ioos:station:SCCF:53,26.6493,-81.8810,2021-11-02T07:00:00Z,5.02 
SCCF RECON,ioos:station:SCCF:53,26.6493,-81.8810,2021-11-02T08:00:00Z,4.99 
SCCF RECON,ioos:station:SCCF:53,26.6493,-81.8810,2021-11-02T09:00:00Z,5.1 
SCCF RECON,ioos:station:SCCF:53,26.6493,-81.8810,2021-11-02T10:00:00Z,5.01 
SCCF RECON,ioos:station:SCCF:53,26.6493,-81.8810,2021-11-02T11:00:00Z,5.16 
SCCF RECON,ioos:station:SCCF:53,26.6493,-81.8810,2021-11-02T12:00:00Z,5.24 
SCCF RECON,ioos:station:SCCF:53,26.6493,-81.8810,2021-11-02T13:00:00Z,5.0 
SCCF RECON,ioos:station:SCCF:53,26.6493,-81.8810,2021-11-02T14:00:00Z,4.85 
SCCF RECON,ioos:station:SCCF:53,26.6493,-81.8810,2021-11-02T15:00:00Z,4.81 
SCCF RECON,ioos:station:SCCF:53,26.6493,-81.8810,2021-11-02T16:00:00Z,4.81 
SCCF RECON,ioos:station:SCCF:53,26.6493,-81.8810,2021-11-02T17:00:00Z,4.88 
SCCF RECON,ioos:station:SCCF:53,26.6493,-81.8810,2021-11-02T18:00:00Z,4.9 
SCCF RECON,ioos:station:SCCF:53,26.6493,-81.8810,2021-11-02T19:00:00Z,4.93 
SCCF RECON,ioos:station:SCCF:53,26.6493,-81.8810,2021-11-02T20:00:00Z,5.0 
SCCF RECON,ioos:station:SCCF:53,26.6493,-81.8810,2021-11-02T21:00:00Z,5.15 
SCCF RECON,ioos:station:SCCF:53,26.6493,-81.8810,2021-11-02T22:00:00Z,5.26 
SCCF RECON,ioos:station:SCCF:53,26.6493,-81.8810,2021-11-03T04:00:00Z,5.05 
SCCF RECON,ioos:station:SCCF:53,26.6493,-81.8810,2021-11-03T05:00:00Z,5.51 
SCCF RECON,ioos:station:SCCF:53,26.6493,-81.8810,2021-11-03T06:00:00Z,5.19 
SCCF RECON,ioos:station:SCCF:53,26.6493,-81.8810,2021-11-03T07:00:00Z,5.21 
SCCF RECON,ioos:station:SCCF:53,26.6493,-81.8810,2021-11-03T08:00:00Z,5.15 
SCCF RECON,ioos:station:SCCF:53,26.6493,-81.8810,2021-11-03T09:00:00Z,5.33 
SCCF RECON,ioos:station:SCCF:53,26.6493,-81.8810,2021-11-03T10:00:00Z,5.11 
SCCF RECON,ioos:station:SCCF:53,26.6493,-81.8810,2021-11-03T11:00:00Z,5.36 
SCCF RECON,ioos:station:SCCF:53,26.6493,-81.8810,2021-11-03T12:00:00Z,5.32 
SCCF RECON,ioos:station:SCCF:53,26.6493,-81.8810,2021-11-03T13:00:00Z,5.14 
SCCF RECON,ioos:station:SCCF:53,26.6493,-81.8810,2021-11-03T14:00:00Z,5.11 
SCCF RECON,ioos:station:SCCF:53,26.6493,-81.8810,2021-11-03T15:00:00Z,4.99 
SCCF RECON,ioos:station:SCCF:53,26.6493,-81.8810,2021-11-03T16:00:00Z,4.92 
SCCF RECON,ioos:station:SCCF:53,26.6493,-81.8810,2021-11-03T17:00:00Z,4.81 
SCCF RECON,ioos:station:SCCF:53,26.6493,-81.8810,2021-11-03T18:00:00Z,5.1 
SCCF RECON,ioos:station:SCCF:53,26.6493,-81.8810,2021-11-03T19:00:00Z,4.96 
SCCF RECON,ioos:station:SCCF:53,26.6493,-81.8810,2021-11-03T20:00:00Z,5.05 
SCCF RECON,ioos:station:SCCF:53,26.6493,-81.8810,2021-11-03T21:00:00Z,4.98 
SCCF RECON,ioos:station:SCCF:53,26.6493,-81.8810,2021-11-03T22:00:00Z,5.62 
SCCF RECON,ioos:station:SCCF:53,26.6493,-81.8810,2021-11-04T04:00:00Z,5.16 
SCCF RECON,ioos:station:SCCF:53,26.6493,-81.8810,2021-11-04T05:00:00Z,5.18 
SCCF RECON,ioos:station:SCCF:53,26.6493,-81.8810,2021-11-04T06:00:00Z,5.12 
SCCF RECON,ioos:station:SCCF:53,26.6493,-81.8810,2021-11-04T07:00:00Z,4.96 
SCCF RECON,ioos:station:SCCF:53,26.6493,-81.8810,2021-11-04T08:00:00Z,4.94 
SCCF RECON,ioos:station:SCCF:53,26.6493,-81.8810,2021-11-04T09:00:00Z,5.0 
SCCF RECON,ioos:station:SCCF:53,26.6493,-81.8810,2021-11-04T10:00:00Z,5.09 
SCCF RECON,ioos:station:SCCF:53,26.6493,-81.8810,2021-11-04T11:00:00Z,5.11 
SCCF RECON,ioos:station:SCCF:53,26.6493,-81.8810,2021-11-04T12:00:00Z,4.85 
SCCF RECON,ioos:station:SCCF:53,26.6493,-81.8810,2021-11-04T13:00:00Z,4.84 
SCCF RECON,ioos:station:SCCF:53,26.6493,-81.8810,2021-11-04T14:00:00Z,4.72 
SCCF RECON,ioos:station:SCCF:53,26.6493,-81.8810,2021-11-04T15:00:00Z,4.71 
SCCF RECON,ioos:station:SCCF:53,26.6493,-81.8810,2021-11-04T16:00:00Z,4.69 
SCCF RECON,ioos:station:SCCF:53,26.6493,-81.8810,2021-11-04T17:00:00Z,4.75 
SCCF RECON,ioos:station:SCCF:53,26.6493,-81.8810,2021-11-04T18:00:00Z,4.79 
SCCF RECON,ioos:station:SCCF:53,26.6493,-81.8810,2021-11-04T20:00:00Z,4.85 
SCCF RECON,ioos:station:SCCF:53,26.6493,-81.8810,2021-11-04T21:00:00Z,4.75 
SCCF RECON,ioos:station:SCCF:53,26.6493,-81.8810,2021-11-04T22:00:00Z,5.14 
SCCF RECON,ioos:station:SCCF:53,26.6493,-81.8810,2021-11-05T04:00:00Z,4.88 
SCCF RECON,ioos:station:SCCF:53,26.6493,-81.8810,2021-11-05T05:00:00Z,4.82 
SCCF RECON,ioos:station:SCCF:53,26.6493,-81.8810,2021-11-05T06:00:00Z,4.91 
SCCF RECON,ioos:station:SCCF:53,26.6493,-81.8810,2021-11-05T07:00:00Z,4.72 
SCCF RECON,ioos:station:SCCF:53,26.6493,-81.8810,2021-11-05T08:00:00Z,4.8 
SCCF RECON,ioos:station:SCCF:53,26.6493,-81.8810,2021-11-05T09:00:00Z,4.82 
SCCF RECON,ioos:station:SCCF:53,26.6493,-81.8810,2021-11-05T10:00:00Z,4.79 
SCCF RECON,ioos:station:SCCF:53,26.6493,-81.8810,2021-11-05T11:00:00Z,4.79 
SCCF RECON,ioos:station:SCCF:53,26.6493,-81.8810,2021-11-05T12:00:00Z,4.83 
SCCF RECON,ioos:station:SCCF:53,26.6493,-81.8810,2021-11-05T13:00:00Z,4.92 
SCCF RECON,ioos:station:SCCF:53,26.6493,-81.8810,2021-11-05T14:00:00Z,4.83 
SCCF RECON,ioos:station:SCCF:53,26.6493,-81.8810,2021-11-05T15:00:00Z,4.77 
SCCF RECON,ioos:station:SCCF:53,26.6493,-81.8810,2021-11-05T16:00:00Z,4.81 
SCCF RECON,ioos:station:SCCF:53,26.6493,-81.8810,2021-11-05T17:00:00Z,4.8 
SCCF RECON,ioos:station:SCCF:53,26.6493,-81.8810,2021-11-05T18:00:00Z,4.78 
SCCF RECON,ioos:station:SCCF:53,26.6493,-81.8810,2021-11-05T19:00:00Z,4.77 
SCCF RECON,ioos:station:SCCF:53,26.6493,-81.8810,2021-11-05T20:00:00Z,4.74 
SCCF RECON,ioos:station:SCCF:53,26.6493,-81.8810,2021-11-05T21:00:00Z,4.91 
SCCF RECON,ioos:station:SCCF:53,26.6493,-81.8810,2021-11-05T22:00:00Z,4.82 
SCCF RECON,ioos:station:SCCF:53,26.6493,-81.8810,2021-11-06T04:00:00Z,4.78 
SCCF RECON,ioos:station:SCCF:53,26.6493,-81.8810,2021-11-06T05:00:00Z,4.76 
SCCF RECON,ioos:station:SCCF:53,26.6493,-81.8810,2021-11-06T06:00:00Z,4.7 
SCCF RECON,ioos:station:SCCF:53,26.6493,-81.8810,2021-11-06T07:00:00Z,4.67 
SCCF RECON,ioos:station:SCCF:53,26.6493,-81.8810,2021-11-06T08:00:00Z,4.55 
SCCF RECON,ioos:station:SCCF:53,26.6493,-81.8810,2021-11-06T09:00:00Z,4.52 
SCCF RECON,ioos:station:SCCF:53,26.6493,-81.8810,2021-11-06T10:00:00Z,4.74 
SCCF RECON,ioos:station:SCCF:53,26.6493,-81.8810,2021-11-06T11:00:00Z,4.76 
SCCF RECON,ioos:station:SCCF:53,26.6493,-81.8810,2021-11-06T12:00:00Z,4.81 
SCCF RECON,ioos:station:SCCF:53,26.6493,-81.8810,2021-11-06T13:00:00Z,4.78 
SCCF RECON,ioos:station:SCCF:53,26.6493,-81.8810,2021-11-06T14:00:00Z,4.59 
SCCF RECON,ioos:station:SCCF:53,26.6493,-81.8810,2021-11-06T15:00:00Z,4.63 
SCCF RECON,ioos:station:SCCF:53,26.6493,-81.8810,2021-11-06T16:00:00Z,4.61 
SCCF RECON,ioos:station:SCCF:53,26.6493,-81.8810,2021-11-06T17:00:00Z,4.65 
SCCF RECON,ioos:station:SCCF:53,26.6493,-81.8810,2021-11-06T18:00:00Z,4.52 
SCCF RECON,ioos:station:SCCF:53,26.6493,-81.8810,2021-11-06T19:00:00Z,4.54 
SCCF RECON,ioos:station:SCCF:53,26.6493,-81.8810,2021-11-06T20:00:00Z,4.64 
SCCF RECON,ioos:station:SCCF:53,26.6493,-81.8810,2021-11-06T21:00:00Z,4.75 
SCCF RECON,ioos:station:SCCF:53,26.6493,-81.8810,2021-11-06T22:00:00Z,4.93 
SCCF RECON,ioos:station:SCCF:53,26.6493,-81.8810,2021-11-07T04:00:00Z,4.78 
SCCF RECON,ioos:station:SCCF:53,26.6493,-81.8810,2021-11-07T05:00:00Z,4.67 
SCCF RECON,ioos:station:SCCF:53,26.6493,-81.8810,2021-11-07T06:00:00Z,4.74 
SCCF RECON,ioos:station:SCCF:53,26.6493,-81.8810,2021-11-07T07:00:00Z,4.77 
SCCF RECON,ioos:station:SCCF:53,26.6493,-81.8810,2021-11-07T08:00:00Z,4.72 
SCCF RECON,ioos:station:SCCF:53,26.6493,-81.8810,2021-11-07T09:00:00Z,4.82 
SCCF RECON,ioos:station:SCCF:53,26.6493,-81.8810,2021-11-07T10:00:00Z,4.82 
SCCF RECON,ioos:station:SCCF:53,26.6493,-81.8810,2021-11-07T11:00:00Z,4.92 
SCCF RECON,ioos:station:SCCF:53,26.6493,-81.8810,2021-11-07T12:00:00Z,4.87 
SCCF RECON,ioos:station:SCCF:53,26.6493,-81.8810,2021-11-07T13:00:00Z,4.89 
SCCF RECON,ioos:station:SCCF:53,26.6493,-81.8810,2021-11-07T14:00:00Z,4.88 
SCCF RECON,ioos:station:SCCF:53,26.6493,-81.8810,2021-11-07T15:00:00Z,4.94 
SCCF RECON,ioos:station:SCCF:53,26.6493,-81.8810,2021-11-07T16:00:00Z,5.01 
SCCF RECON,ioos:station:SCCF:53,26.6493,-81.8810,2021-11-07T17:00:00Z,5.04 
SCCF RECON,ioos:station:SCCF:53,26.6493,-81.8810,2021-11-07T18:00:00Z,5.05 
SCCF RECON,ioos:station:SCCF:53,26.6493,-81.8810,2021-11-07T19:00:00Z,4.96 
SCCF RECON,ioos:station:SCCF:53,26.6493,-81.8810,2021-11-07T20:00:00Z,4.89 
SCCF RECON,ioos:station:SCCF:53,26.6493,-81.8810,2021-11-07T21:00:00Z,4.92 
SCCF RECON,ioos:station:SCCF:53,26.6493,-81.8810,2021-11-07T22:00:00Z,4.95 
SCCF RECON,ioos:station:SCCF:53,26.6493,-81.8810,2021-11-08T05:00:00Z,4.9 
SCCF RECON,ioos:station:SCCF:53,26.6493,-81.8810,2021-11-08T06:00:00Z,4.92 
SCCF RECON,ioos:station:SCCF:53,26.6493,-81.8810,2021-11-08T07:00:00Z,4.89 
SCCF RECON,ioos:station:SCCF:53,26.6493,-81.8810,2021-11-08T08:00:00Z,4.93 
SCCF RECON,ioos:station:SCCF:53,26.6493,-81.8810,2021-11-08T09:00:00Z,4.94 
SCCF RECON,ioos:station:SCCF:53,26.6493,-81.8810,2021-11-08T10:00:00Z,4.96 
SCCF RECON,ioos:station:SCCF:53,26.6493,-81.8810,2021-11-08T11:00:00Z,5.0 
SCCF RECON,ioos:station:SCCF:53,26.6493,-81.8810,2021-11-08T12:00:00Z,5.01 
SCCF RECON,ioos:station:SCCF:53,26.6493,-81.8810,2021-11-08T13:00:00Z,4.96 
SCCF RECON,ioos:station:SCCF:53,26.6493,-81.8810,2021-11-08T14:00:00Z,5.01 
SCCF RECON,ioos:station:SCCF:53,26.6493,-81.8810,2021-11-08T15:00:00Z,5.05 
SCCF RECON,ioos:station:SCCF:53,26.6493,-81.8810,2021-11-08T16:00:00Z,5.07 
SCCF RECON,ioos:station:SCCF:53,26.6493,-81.8810,2021-11-08T17:00:00Z,5.01 
SCCF RECON,ioos:station:SCCF:53,26.6493,-81.8810,2021-11-08T18:00:00Z,5.04 
SCCF RECON,ioos:station:SCCF:53,26.6493,-81.8810,2021-11-08T19:00:00Z,5.0 
SCCF RECON,ioos:station:SCCF:53,26.6493,-81.8810,2021-11-08T20:00:00Z,4.97 
SCCF RECON,ioos:station:SCCF:53,26.6493,-81.8810,2021-11-08T21:00:00Z,4.99 
SCCF RECON,ioos:station:SCCF:53,26.6493,-81.8810,2021-11-08T22:00:00Z,5.01 
SCCF RECON,ioos:station:SCCF:53,26.6493,-81.8810,2021-11-09T05:00:00Z,5.0 
SCCF RECON,ioos:station:SCCF:53,26.6493,-81.8810,2021-11-09T06:00:00Z,4.92 
SCCF RECON,ioos:station:SCCF:53,26.6493,-81.8810,2021-11-09T07:00:00Z,5.13 
SCCF RECON,ioos:station:SCCF:53,26.6493,-81.8810,2021-11-09T08:00:00Z,5.1 
SCCF RECON,ioos:station:SCCF:53,26.6493,-81.8810,2021-11-09T09:00:00Z,5.08 
SCCF RECON,ioos:station:SCCF:53,26.6493,-81.8810,2021-11-09T10:00:00Z,5.03 
SCCF RECON,ioos:station:SCCF:53,26.6493,-81.8810,2021-11-09T11:00:00Z,5.03 
SCCF RECON,ioos:station:SCCF:53,26.6493,-81.8810,2021-11-09T12:00:00Z,5.03 
SCCF RECON,ioos:station:SCCF:53,26.6493,-81.8810,2021-11-09T13:00:00Z,5.1 
SCCF RECON,ioos:station:SCCF:53,26.6493,-81.8810,2021-11-09T14:00:00Z,5.05 
SCCF RECON,ioos:station:SCCF:53,26.6493,-81.8810,2021-11-09T15:00:00Z,5.0 
SCCF RECON,ioos:station:SCCF:53,26.6493,-81.8810,2021-11-09T16:00:00Z,5.06 
SCCF RECON,ioos:station:SCCF:53,26.6493,-81.8810,2021-11-09T17:00:00Z,5.08 
SCCF RECON,ioos:station:SCCF:53,26.6493,-81.8810,2021-11-09T18:00:00Z,5.08 
SCCF RECON,ioos:station:SCCF:53,26.6493,-81.8810,2021-11-09T19:00:00Z,5.08 
SCCF RECON,ioos:station:SCCF:53,26.6493,-81.8810,2021-11-09T20:00:00Z,5.06 
SCCF RECON,ioos:station:SCCF:53,26.6493,-81.8810,2021-11-09T21:00:00Z,5.08 
SCCF RECON,ioos:station:SCCF:53,26.6493,-81.8810,2021-11-09T22:00:00Z,5.17 
SCCF RECON,ioos:station:SCCF:53,26.6493,-81.8810,2021-11-10T05:00:00Z,4.99 
SCCF RECON,ioos:station:SCCF:53,26.6493,-81.8810,2021-11-10T06:00:00Z,4.92 
SCCF RECON,ioos:station:SCCF:53,26.6493,-81.8810,2021-11-10T07:00:00Z,4.89 
SCCF RECON,ioos:station:SCCF:53,26.6493,-81.8810,2021-11-10T08:00:00Z,4.91 
SCCF RECON,ioos:station:SCCF:53,26.6493,-81.8810,2021-11-10T09:00:00Z,4.88 
SCCF RECON,ioos:station:SCCF:53,26.6493,-81.8810,2021-11-10T10:00:00Z,4.9 
SCCF RECON,ioos:station:SCCF:53,26.6493,-81.8810,2021-11-10T11:00:00Z,4.88 
SCCF RECON,ioos:station:SCCF:53,26.6493,-81.8810,2021-11-10T12:00:00Z,4.97 
SCCF RECON,ioos:station:SCCF:53,26.6493,-81.8810,2021-11-10T13:00:00Z,4.83 
SCCF RECON,ioos:station:SCCF:53,26.6493,-81.8810,2021-11-10T14:00:00Z,4.81 
SCCF RECON,ioos:station:SCCF:53,26.6493,-81.8810,2021-11-10T15:00:00Z,4.79 
SCCF RECON,ioos:station:SCCF:53,26.6493,-81.8810,2021-11-10T16:00:00Z,4.79 
SCCF RECON,ioos:station:SCCF:53,26.6493,-81.8810,2021-11-10T17:00:00Z,4.75 
SCCF RECON,ioos:station:SCCF:53,26.6493,-81.8810,2021-11-10T18:00:00Z,4.74 
SCCF RECON,ioos:station:SCCF:53,26.6493,-81.8810,2021-11-10T19:00:00Z,4.74 
SCCF RECON,ioos:station:SCCF:53,26.6493,-81.8810,2021-11-10T20:00:00Z,4.74 
SCCF RECON,ioos:station:SCCF:53,26.6493,-81.8810,2021-11-10T21:00:00Z,4.69 
SCCF RECON,ioos:station:SCCF:53,26.6493,-81.8810,2021-11-10T22:00:00Z,4.73 
SCCF RECON,ioos:station:SCCF:53,26.6493,-81.8810,2021-11-11T05:00:00Z,4.61 
SCCF RECON,ioos:station:SCCF:53,26.6493,-81.8810,2021-11-11T06:00:00Z,4.56 
SCCF RECON,ioos:station:SCCF:53,26.6493,-81.8810,2021-11-11T07:00:00Z,4.59 
SCCF RECON,ioos:station:SCCF:53,26.6493,-81.8810,2021-11-11T08:00:00Z,4.57 
SCCF RECON,ioos:station:SCCF:53,26.6493,-81.8810,2021-11-11T09:00:00Z,4.62 
SCCF RECON,ioos:station:SCCF:53,26.6493,-81.8810,2021-11-11T10:00:00Z,4.49 
SCCF RECON,ioos:station:SCCF:53,26.6493,-81.8810,2021-11-11T11:00:00Z,4.57 
SCCF RECON,ioos:station:SCCF:53,26.6493,-81.8810,2021-11-11T12:00:00Z,4.51 
SCCF RECON,ioos:station:SCCF:53,26.6493,-81.8810,2021-11-11T13:00:00Z,4.51 
SCCF RECON,ioos:station:SCCF:53,26.6493,-81.8810,2021-11-11T14:00:00Z,4.44 
SCCF RECON,ioos:station:SCCF:53,26.6493,-81.8810,2021-11-11T15:00:00Z,4.44 
SCCF RECON,ioos:station:SCCF:53,26.6493,-81.8810,2021-11-11T16:00:00Z,4.47 
SCCF RECON,ioos:station:SCCF:53,26.6493,-81.8810,2021-11-11T17:00:00Z,4.44 
SCCF RECON,ioos:station:SCCF:53,26.6493,-81.8810,2021-11-11T18:00:00Z,4.44 
SCCF RECON,ioos:station:SCCF:53,26.6493,-81.8810,2021-11-11T19:00:00Z,4.45 
SCCF RECON,ioos:station:SCCF:53,26.6493,-81.8810,2021-11-11T20:00:00Z,4.53 
SCCF RECON,ioos:station:SCCF:53,26.6493,-81.8810,2021-11-11T21:00:00Z,4.51 
SCCF RECON,ioos:station:SCCF:53,26.6493,-81.8810,2021-11-11T22:00:00Z,4.47 
SCCF RECON,ioos:station:SCCF:53,26.6493,-81.8810,2021-11-12T05:00:00Z,4.29 
SCCF RECON,ioos:station:SCCF:53,26.6493,-81.8810,2021-11-12T06:00:00Z,4.38 
SCCF RECON,ioos:station:SCCF:53,26.6493,-81.8810,2021-11-12T07:00:00Z,4.35 
SCCF RECON,ioos:station:SCCF:53,26.6493,-81.8810,2021-11-12T08:00:00Z,4.37 
SCCF RECON,ioos:station:SCCF:53,26.6493,-81.8810,2021-11-12T09:00:00Z,4.36 
SCCF RECON,ioos:station:SCCF:53,26.6493,-81.8810,2021-11-12T10:00:00Z,4.5 
SCCF RECON,ioos:station:SCCF:53,26.6493,-81.8810,2021-11-12T11:00:00Z,4.45 
SCCF RECON,ioos:station:SCCF:53,26.6493,-81.8810,2021-11-12T12:00:00Z,4.16 
SCCF RECON,ioos:station:SCCF:53,26.6493,-81.8810,2021-11-12T13:00:00Z,4.08 
SCCF RECON,ioos:station:SCCF:53,26.6493,-81.8810,2021-11-12T14:00:00Z,4.09 
SCCF RECON,ioos:station:SCCF:53,26.6493,-81.8810,2021-11-12T15:00:00Z,4.05 
SCCF RECON,ioos:station:SCCF:53,26.6493,-81.8810,2021-11-12T16:00:00Z,4.05 
SCCF RECON,ioos:station:SCCF:53,26.6493,-81.8810,2021-11-12T17:00:00Z,4.08 
SCCF RECON,ioos:station:SCCF:53,26.6493,-81.8810,2021-11-12T18:00:00Z,4.08 
SCCF RECON,ioos:station:SCCF:53,26.6493,-81.8810,2021-11-12T19:00:00Z,4.16 
SCCF RECON,ioos:station:SCCF:53,26.6493,-81.8810,2021-11-12T20:00:00Z,4.22 
SCCF RECON,ioos:station:SCCF:53,26.6493,-81.8810,2021-11-12T21:00:00Z,4.2 
SCCF RECON,ioos:station:SCCF:53,26.6493,-81.8810,2021-11-12T22:00:00Z,4.25 
SCCF RECON,ioos:station:SCCF:53,26.6493,-81.8810,2021-11-13T05:00:00Z,3.91 
SCCF RECON,ioos:station:SCCF:53,26.6493,-81.8810,2021-11-13T06:00:00Z,3.96 
SCCF RECON,ioos:station:SCCF:53,26.6493,-81.8810,2021-11-13T07:00:00Z,4.03 
SCCF RECON,ioos:station:SCCF:53,26.6493,-81.8810,2021-11-13T08:00:00Z,4.09 
SCCF RECON,ioos:station:SCCF:53,26.6493,-81.8810,2021-11-13T09:00:00Z,4.1 
SCCF RECON,ioos:station:SCCF:53,26.6493,-81.8810,2021-11-13T10:00:00Z,4.03 
SCCF RECON,ioos:station:SCCF:53,26.6493,-81.8810,2021-11-13T11:00:00Z,4.02 
SCCF RECON,ioos:station:SCCF:53,26.6493,-81.8810,2021-11-13T12:00:00Z,3.91 
SCCF RECON,ioos:station:SCCF:53,26.6493,-81.8810,2021-11-13T13:00:00Z,4.01 
SCCF RECON,ioos:station:SCCF:53,26.6493,-81.8810,2021-11-13T14:00:00Z,3.82 
SCCF RECON,ioos:station:SCCF:53,26.6493,-81.8810,2021-11-13T15:00:00Z,3.82 
SCCF RECON,ioos:station:SCCF:53,26.6493,-81.8810,2021-11-13T16:00:00Z,3.79 
SCCF RECON,ioos:station:SCCF:53,26.6493,-81.8810,2021-11-13T17:00:00Z,3.91 
SCCF RECON,ioos:station:SCCF:53,26.6493,-81.8810,2021-11-13T18:00:00Z,4.05 
SCCF RECON,ioos:station:SCCF:53,26.6493,-81.8810,2021-11-13T19:00:00Z,4.07 
SCCF RECON,ioos:station:SCCF:53,26.6493,-81.8810,2021-11-13T20:00:00Z,4.29 
SCCF RECON,ioos:station:SCCF:53,26.6493,-81.8810,2021-11-13T21:00:00Z,4.45 
SCCF RECON,ioos:station:SCCF:53,26.6493,-81.8810,2021-11-13T22:00:00Z,4.53 
SCCF RECON,ioos:station:SCCF:53,26.6493,-81.8810,2021-11-14T05:00:00Z,4.47 
SCCF RECON,ioos:station:SCCF:53,26.6493,-81.8810,2021-11-14T06:00:00Z,4.3 
SCCF RECON,ioos:station:SCCF:53,26.6493,-81.8810,2021-11-14T07:00:00Z,4.47 
SCCF RECON,ioos:station:SCCF:53,26.6493,-81.8810,2021-11-14T08:00:00Z,4.43 
SCCF RECON,ioos:station:SCCF:53,26.6493,-81.8810,2021-11-14T09:00:00Z,4.47 
SCCF RECON,ioos:station:SCCF:53,26.6493,-81.8810,2021-11-14T10:00:00Z,4.46 
SCCF RECON,ioos:station:SCCF:53,26.6493,-81.8810,2021-11-14T11:00:00Z,4.43 
SCCF RECON,ioos:station:SCCF:53,26.6493,-81.8810,2021-11-14T12:00:00Z,4.31 
SCCF RECON,ioos:station:SCCF:53,26.6493,-81.8810,2021-11-14T13:00:00Z,4.01 
SCCF RECON,ioos:station:SCCF:53,26.6493,-81.8810,2021-11-14T14:00:00Z,3.96 
SCCF RECON,ioos:station:SCCF:53,26.6493,-81.8810,2021-11-14T15:00:00Z,4.06 
SCCF RECON,ioos:station:SCCF:53,26.6493,-81.8810,2021-11-14T16:00:00Z,3.98 
SCCF RECON,ioos:station:SCCF:53,26.6493,-81.8810,2021-11-14T17:00:00Z,3.93 
SCCF RECON,ioos:station:SCCF:53,26.6493,-81.8810,2021-11-14T18:00:00Z,3.92 
SCCF RECON,ioos:station:SCCF:53,26.6493,-81.8810,2021-11-14T19:00:00Z,4.21 
SCCF RECON,ioos:station:SCCF:53,26.6493,-81.8810,2021-11-14T20:00:00Z,4.3 
SCCF RECON,ioos:station:SCCF:53,26.6493,-81.8810,2021-11-14T21:00:00Z,4.78 
SCCF RECON,ioos:station:SCCF:53,26.6493,-81.8810,2021-11-14T22:00:00Z,4.83 
SCCF RECON,ioos:station:SCCF:53,26.6493,-81.8810,2021-11-15T05:00:00Z,4.18 
SCCF RECON,ioos:station:SCCF:53,26.6493,-81.8810,2021-11-15T06:00:00Z,4.09 
SCCF RECON,ioos:station:SCCF:53,26.6493,-81.8810,2021-11-15T07:00:00Z,4.27 
SCCF RECON,ioos:station:SCCF:53,26.6493,-81.8810,2021-11-15T08:00:00Z,4.26 
SCCF RECON,ioos:station:SCCF:53,26.6493,-81.8810,2021-11-15T09:00:00Z,4.31 
SCCF RECON,ioos:station:SCCF:53,26.6493,-81.8810,2021-11-15T10:00:00Z,4.3 
SCCF RECON,ioos:station:SCCF:53,26.6493,-81.8810,2021-11-15T11:00:00Z,4.23 
SCCF RECON,ioos:station:SCCF:53,26.6493,-81.8810,2021-11-15T12:00:00Z,4.11 
SCCF RECON,ioos:station:SCCF:53,26.6493,-81.8810,2021-11-15T13:00:00Z,4.0 
SCCF RECON,ioos:station:SCCF:53,26.6493,-81.8810,2021-11-15T14:00:00Z,3.96 
SCCF RECON,ioos:station:SCCF:53,26.6493,-81.8810,2021-11-15T15:00:00Z,4.18 
SCCF RECON,ioos:station:SCCF:53,26.6493,-81.8810,2021-11-15T16:00:00Z,4.31 
SCCF RECON,ioos:station:SCCF:53,26.6493,-81.8810,2021-11-15T17:00:00Z,4.48 
SCCF RECON,ioos:station:SCCF:53,26.6493,-81.8810,2021-11-15T18:00:00Z,4.38 
SCCF RECON,ioos:station:SCCF:53,26.6493,-81.8810,2021-11-15T19:00:00Z,4.23 
SCCF RECON,ioos:station:SCCF:53,26.6493,-81.8810,2021-11-15T20:00:00Z,4.29 
SCCF RECON,ioos:station:SCCF:53,26.6493,-81.8810,2021-11-15T21:00:00Z,4.52 
SCCF RECON,ioos:station:SCCF:53,26.6493,-81.8810,2021-11-15T22:00:00Z,5.09 
SCCF RECON,ioos:station:SCCF:53,26.6493,-81.8810,2021-11-16T05:00:00Z,5.09 
SCCF RECON,ioos:station:SCCF:53,26.6493,-81.8810,2021-11-16T06:00:00Z,5.09 
SCCF RECON,ioos:station:SCCF:53,26.6493,-81.8810,2021-11-16T07:00:00Z,5.2 
SCCF RECON,ioos:station:SCCF:53,26.6493,-81.8810,2021-11-16T08:00:00Z,5.1 
SCCF RECON,ioos:station:SCCF:53,26.6493,-81.8810,2021-11-16T09:00:00Z,5.2 
SCCF RECON,ioos:station:SCCF:53,26.6493,-81.8810,2021-11-16T10:00:00Z,5.28 
SCCF RECON,ioos:station:SCCF:53,26.6493,-81.8810,2021-11-16T11:00:00Z,5.02 
SCCF RECON,ioos:station:SCCF:53,26.6493,-81.8810,2021-11-16T12:00:00Z,4.84 
SCCF RECON,ioos:station:SCCF:53,26.6493,-81.8810,2021-11-16T13:00:00Z,4.86 
SCCF RECON,ioos:station:SCCF:53,26.6493,-81.8810,2021-11-16T14:00:00Z,4.9 
SCCF RECON,ioos:station:SCCF:53,26.6493,-81.8810,2021-11-16T15:00:00Z,4.93 
SCCF RECON,ioos:station:SCCF:53,26.6493,-81.8810,2021-11-16T16:00:00Z,5.04 
SCCF RECON,ioos:station:SCCF:53,26.6493,-81.8810,2021-11-16T17:00:00Z,4.69 
SCCF RECON,ioos:station:SCCF:53,26.6493,-81.8810,2021-11-16T18:00:00Z,4.7 
SCCF RECON,ioos:station:SCCF:53,26.6493,-81.8810,2021-11-16T19:00:00Z,4.79 
SCCF RECON,ioos:station:SCCF:53,26.6493,-81.8810,2021-11-16T20:00:00Z,4.91 
SCCF RECON,ioos:station:SCCF:53,26.6493,-81.8810,2021-11-16T21:00:00Z,5.11 
SCCF RECON,ioos:station:SCCF:53,26.6493,-81.8810,2021-11-16T22:00:00Z,5.1 
SCCF RECON,ioos:station:SCCF:53,26.6493,-81.8810,2021-11-17T05:00:00Z,4.95 
SCCF RECON,ioos:station:SCCF:53,26.6493,-81.8810,2021-11-17T06:00:00Z,4.98 
SCCF RECON,ioos:station:SCCF:53,26.6493,-81.8810,2021-11-17T07:00:00Z,5.07 
SCCF RECON,ioos:station:SCCF:53,26.6493,-81.8810,2021-11-17T08:00:00Z,4.88 
SCCF RECON,ioos:station:SCCF:53,26.6493,-81.8810,2021-11-17T09:00:00Z,4.9 
SCCF RECON,ioos:station:SCCF:53,26.6493,-81.8810,2021-11-17T10:00:00Z,4.82 
SCCF RECON,ioos:station:SCCF:53,26.6493,-81.8810,2021-11-17T11:00:00Z,4.8 
SCCF RECON,ioos:station:SCCF:53,26.6493,-81.8810,2021-11-17T12:00:00Z,4.81 
SCCF RECON,ioos:station:SCCF:53,26.6493,-81.8810,2021-11-17T13:00:00Z,4.87 
SCCF RECON,ioos:station:SCCF:53,26.6493,-81.8810,2021-11-17T14:00:00Z,4.86 
SCCF RECON,ioos:station:SCCF:53,26.6493,-81.8810,2021-11-17T15:00:00Z,4.81 
SCCF RECON,ioos:station:SCCF:53,26.6493,-81.8810,2021-11-17T16:00:00Z,4.73 
SCCF RECON,ioos:station:SCCF:53,26.6493,-81.8810,2021-11-17T17:00:00Z,4.74 
SCCF RECON,ioos:station:SCCF:53,26.6493,-81.8810,2021-11-17T18:00:00Z,4.93 
SCCF RECON,ioos:station:SCCF:53,26.6493,-81.8810,2021-11-17T19:00:00Z,4.83 
SCCF RECON,ioos:station:SCCF:53,26.6493,-81.8810,2021-11-17T20:00:00Z,5.15 
SCCF RECON,ioos:station:SCCF:53,26.6493,-81.8810,2021-11-17T21:00:00Z,5.49 
SCCF RECON,ioos:station:SCCF:53,26.6493,-81.8810,2021-11-17T22:00:00Z,5.27 
SCCF RECON,ioos:station:SCCF:53,26.6493,-81.8810,2021-11-18T05:00:00Z,5.06 
SCCF RECON,ioos:station:SCCF:53,26.6493,-81.8810,2021-11-18T06:00:00Z,5.03 
SCCF RECON,ioos:station:SCCF:53,26.6493,-81.8810,2021-11-18T07:00:00Z,5.06 
SCCF RECON,ioos:station:SCCF:53,26.6493,-81.8810,2021-11-18T08:00:00Z,5.05 
SCCF RECON,ioos:station:SCCF:53,26.6493,-81.8810,2021-11-18T09:00:00Z,5.01 
SCCF RECON,ioos:station:SCCF:53,26.6493,-81.8810,2021-11-18T10:00:00Z,5.18 
SCCF RECON,ioos:station:SCCF:53,26.6493,-81.8810,2021-11-18T11:00:00Z,4.91 
SCCF RECON,ioos:station:SCCF:53,26.6493,-81.8810,2021-11-18T12:00:00Z,4.9 
SCCF RECON,ioos:station:SCCF:53,26.6493,-81.8810,2021-11-18T13:00:00Z,4.88 
SCCF RECON,ioos:station:SCCF:53,26.6493,-81.8810,2021-11-18T14:00:00Z,4.84 
SCCF RECON,ioos:station:SCCF:53,26.6493,-81.8810,2021-11-18T15:00:00Z,4.88 
SCCF RECON,ioos:station:SCCF:53,26.6493,-81.8810,2021-11-18T16:00:00Z,4.76 
SCCF RECON,ioos:station:SCCF:53,26.6493,-81.8810,2021-11-18T17:00:00Z,4.79 
SCCF RECON,ioos:station:SCCF:53,26.6493,-81.8810,2021-11-18T18:00:00Z,4.81 
SCCF RECON,ioos:station:SCCF:53,26.6493,-81.8810,2021-11-18T19:00:00Z,4.84 
SCCF RECON,ioos:station:SCCF:53,26.6493,-81.8810,2021-11-18T20:00:00Z,4.87 
SCCF RECON,ioos:station:SCCF:53,26.6493,-81.8810,2021-11-18T21:00:00Z,5.02 
SCCF RECON,ioos:station:SCCF:53,26.6493,-81.8810,2021-11-18T22:00:00Z,5.48 
SCCF RECON,ioos:station:SCCF:53,26.6493,-81.8810,2021-11-19T05:00:00Z,4.88 
SCCF RECON,ioos:station:SCCF:53,26.6493,-81.8810,2021-11-19T06:00:00Z,4.9 
SCCF RECON,ioos:station:SCCF:53,26.6493,-81.8810,2021-11-19T07:00:00Z,4.81 
SCCF RECON,ioos:station:SCCF:53,26.6493,-81.8810,2021-11-19T08:00:00Z,4.77 
SCCF RECON,ioos:station:SCCF:53,26.6493,-81.8810,2021-11-19T09:00:00Z,4.85 
SCCF RECON,ioos:station:SCCF:53,26.6493,-81.8810,2021-11-19T10:00:00Z,4.8 
SCCF RECON,ioos:station:SCCF:53,26.6493,-81.8810,2021-11-19T11:00:00Z,5.0 
SCCF RECON,ioos:station:SCCF:53,26.6493,-81.8810,2021-11-19T12:00:00Z,4.94 
SCCF RECON,ioos:station:SCCF:53,26.6493,-81.8810,2021-11-19T13:00:00Z,4.63 
SCCF RECON,ioos:station:SCCF:53,26.6493,-81.8810,2021-11-19T14:00:00Z,4.64 
SCCF RECON,ioos:station:SCCF:53,26.6493,-81.8810,2021-11-19T15:00:00Z,4.53 
SCCF RECON,ioos:station:SCCF:53,26.6493,-81.8810,2021-11-19T16:00:00Z,4.56 
SCCF RECON,ioos:station:SCCF:53,26.6493,-81.8810,2021-11-19T17:00:00Z,4.58 
SCCF RECON,ioos:station:SCCF:53,26.6493,-81.8810,2021-11-19T18:00:00Z,4.68 
SCCF RECON,ioos:station:SCCF:53,26.6493,-81.8810,2021-11-19T19:00:00Z,4.75 
SCCF RECON,ioos:station:SCCF:53,26.6493,-81.8810,2021-11-19T20:00:00Z,4.73 
SCCF RECON,ioos:station:SCCF:53,26.6493,-81.8810,2021-11-19T21:00:00Z,4.91 
SCCF RECON,ioos:station:SCCF:53,26.6493,-81.8810,2021-11-19T22:00:00Z,4.93 
SCCF RECON,ioos:station:SCCF:53,26.6493,-81.8810,2021-11-20T05:00:00Z,4.98 
SCCF RECON,ioos:station:SCCF:53,26.6493,-81.8810,2021-11-20T06:00:00Z,4.92 
SCCF RECON,ioos:station:SCCF:53,26.6493,-81.8810,2021-11-20T07:00:00Z,4.75 
SCCF RECON,ioos:station:SCCF:53,26.6493,-81.8810,2021-11-20T08:00:00Z,4.87 
SCCF RECON,ioos:station:SCCF:53,26.6493,-81.8810,2021-11-20T09:00:00Z,5.0 
SCCF RECON,ioos:station:SCCF:53,26.6493,-81.8810,2021-11-20T10:00:00Z,4.94 
SCCF RECON,ioos:station:SCCF:53,26.6493,-81.8810,2021-11-20T11:00:00Z,5.17 
SCCF RECON,ioos:station:SCCF:53,26.6493,-81.8810,2021-11-20T12:00:00Z,5.19 
SCCF RECON,ioos:station:SCCF:53,26.6493,-81.8810,2021-11-20T13:00:00Z,4.78 
SCCF RECON,ioos:station:SCCF:53,26.6493,-81.8810,2021-11-20T14:00:00Z,4.55 
SCCF RECON,ioos:station:SCCF:53,26.6493,-81.8810,2021-11-20T15:00:00Z,4.52 
SCCF RECON,ioos:station:SCCF:53,26.6493,-81.8810,2021-11-20T16:00:00Z,4.58 
SCCF RECON,ioos:station:SCCF:53,26.6493,-81.8810,2021-11-20T17:00:00Z,4.6 
SCCF RECON,ioos:station:SCCF:53,26.6493,-81.8810,2021-11-20T18:00:00Z,4.89 
SCCF RECON,ioos:station:SCCF:53,26.6493,-81.8810,2021-11-20T19:00:00Z,4.73 
SCCF RECON,ioos:station:SCCF:53,26.6493,-81.8810,2021-11-20T20:00:00Z,4.75 
SCCF RECON,ioos:station:SCCF:53,26.6493,-81.8810,2021-11-20T21:00:00Z,4.95 
SCCF RECON,ioos:station:SCCF:53,26.6493,-81.8810,2021-11-20T22:00:00Z,4.89 
SCCF RECON,ioos:station:SCCF:53,26.6493,-81.8810,2021-11-21T05:00:00Z,4.87 
SCCF RECON,ioos:station:SCCF:53,26.6493,-81.8810,2021-11-21T06:00:00Z,4.83 
SCCF RECON,ioos:station:SCCF:53,26.6493,-81.8810,2021-11-21T07:00:00Z,4.69 
SCCF RECON,ioos:station:SCCF:53,26.6493,-81.8810,2021-11-21T08:00:00Z,4.83 
SCCF RECON,ioos:station:SCCF:53,26.6493,-81.8810,2021-11-21T09:00:00Z,4.7 
SCCF RECON,ioos:station:SCCF:53,26.6493,-81.8810,2021-11-21T10:00:00Z,4.88 
SCCF RECON,ioos:station:SCCF:53,26.6493,-81.8810,2021-11-21T11:00:00Z,5.1 
SCCF RECON,ioos:station:SCCF:53,26.6493,-81.8810,2021-11-21T12:00:00Z,5.09 
SCCF RECON,ioos:station:SCCF:53,26.6493,-81.8810,2021-11-21T13:00:00Z,4.76 
SCCF RECON,ioos:station:SCCF:53,26.6493,-81.8810,2021-11-21T14:00:00Z,4.7 
SCCF RECON,ioos:station:SCCF:53,26.6493,-81.8810,2021-11-21T15:00:00Z,4.56 
SCCF RECON,ioos:station:SCCF:53,26.6493,-81.8810,2021-11-21T16:00:00Z,4.67 
SCCF RECON,ioos:station:SCCF:53,26.6493,-81.8810,2021-11-21T17:00:00Z,4.65 
SCCF RECON,ioos:station:SCCF:53,26.6493,-81.8810,2021-11-21T18:00:00Z,4.68 
SCCF RECON,ioos:station:SCCF:53,26.6493,-81.8810,2021-11-21T19:00:00Z,4.71 
SCCF RECON,ioos:station:SCCF:53,26.6493,-81.8810,2021-11-21T20:00:00Z,4.75 
SCCF RECON,ioos:station:SCCF:53,26.6493,-81.8810,2021-11-21T21:00:00Z,4.93 
SCCF RECON,ioos:station:SCCF:53,26.6493,-81.8810,2021-11-21T22:00:00Z,5.26 
SCCF RECON,ioos:station:SCCF:53,26.6493,-81.8810,2021-11-22T05:00:00Z,4.64 
SCCF RECON,ioos:station:SCCF:53,26.6493,-81.8810,2021-11-22T06:00:00Z,4.73 
SCCF RECON,ioos:station:SCCF:53,26.6493,-81.8810,2021-11-22T07:00:00Z,4.59 
SCCF RECON,ioos:station:SCCF:53,26.6493,-81.8810,2021-11-22T08:00:00Z,4.53 
SCCF RECON,ioos:station:SCCF:53,26.6493,-81.8810,2021-11-22T09:00:00Z,4.54 
SCCF RECON,ioos:station:SCCF:53,26.6493,-81.8810,2021-11-22T10:00:00Z,4.61 
SCCF RECON,ioos:station:SCCF:53,26.6493,-81.8810,2021-11-22T11:00:00Z,4.89 
SCCF RECON,ioos:station:SCCF:53,26.6493,-81.8810,2021-11-22T12:00:00Z,4.72 
SCCF RECON,ioos:station:SCCF:53,26.6493,-81.8810,2021-11-22T13:00:00Z,4.66 
SCCF RECON,ioos:station:SCCF:53,26.6493,-81.8810,2021-11-22T14:00:00Z,4.55 
SCCF RECON,ioos:station:SCCF:53,26.6493,-81.8810,2021-11-22T15:00:00Z,4.51 
SCCF RECON,ioos:station:SCCF:53,26.6493,-81.8810,2021-11-22T16:00:00Z,4.44 
SCCF RECON,ioos:station:SCCF:53,26.6493,-81.8810,2021-11-22T17:00:00Z,4.45 
SCCF RECON,ioos:station:SCCF:53,26.6493,-81.8810,2021-11-22T18:00:00Z,4.39 
SCCF RECON,ioos:station:SCCF:53,26.6493,-81.8810,2021-11-22T19:00:00Z,4.48 
SCCF RECON,ioos:station:SCCF:53,26.6493,-81.8810,2021-11-22T20:00:00Z,4.48 
SCCF RECON,ioos:station:SCCF:53,26.6493,-81.8810,2021-11-22T21:00:00Z,4.56 
SCCF RECON,ioos:station:SCCF:53,26.6493,-81.8810,2021-11-22T22:00:00Z,4.58 
SCCF RECON,ioos:station:SCCF:53,26.6493,-81.8810,2021-11-23T05:00:00Z,4.47 
SCCF RECON,ioos:station:SCCF:53,26.6493,-81.8810,2021-11-23T06:00:00Z,4.58 
SCCF RECON,ioos:station:SCCF:53,26.6493,-81.8810,2021-11-23T07:00:00Z,4.48 
SCCF RECON,ioos:station:SCCF:53,26.6493,-81.8810,2021-11-23T08:00:00Z,4.35 
SCCF RECON,ioos:station:SCCF:53,26.6493,-81.8810,2021-11-23T09:00:00Z,4.32 
SCCF RECON,ioos:station:SCCF:53,26.6493,-81.8810,2021-11-23T10:00:00Z,4.5 
SCCF RECON,ioos:station:SCCF:53,26.6493,-81.8810,2021-11-23T11:00:00Z,4.39 
SCCF RECON,ioos:station:SCCF:53,26.6493,-81.8810,2021-11-23T12:00:00Z,4.54 
SCCF RECON,ioos:station:SCCF:53,26.6493,-81.8810,2021-11-23T13:00:00Z,4.51 
SCCF RECON,ioos:station:SCCF:53,26.6493,-81.8810,2021-11-23T14:00:00Z,4.39 
SCCF RECON,ioos:station:SCCF:53,26.6493,-81.8810,2021-11-23T15:00:00Z,4.27 
SCCF RECON,ioos:station:SCCF:53,26.6493,-81.8810,2021-11-23T16:00:00Z,4.22 
SCCF RECON,ioos:station:SCCF:53,26.6493,-81.8810,2021-11-23T17:00:00Z,4.16 
SCCF RECON,ioos:station:SCCF:53,26.6493,-81.8810,2021-11-23T18:00:00Z,4.25 
SCCF RECON,ioos:station:SCCF:53,26.6493,-81.8810,2021-11-23T19:00:00Z,4.41 
SCCF RECON,ioos:station:SCCF:53,26.6493,-81.8810,2021-11-23T20:00:00Z,4.88 
SCCF RECON,ioos:station:SCCF:53,26.6493,-81.8810,2021-11-23T21:00:00Z,5.07 
SCCF RECON,ioos:station:SCCF:53,26.6493,-81.8810,2021-11-23T22:00:00Z,5.11 
SCCF RECON,ioos:station:SCCF:53,26.6493,-81.8810,2021-11-24T05:00:00Z,5.13 
SCCF RECON,ioos:station:SCCF:53,26.6493,-81.8810,2021-11-24T06:00:00Z,5.05 
SCCF RECON,ioos:station:SCCF:53,26.6493,-81.8810,2021-11-24T07:00:00Z,5.03 
SCCF RECON,ioos:station:SCCF:53,26.6493,-81.8810,2021-11-24T08:00:00Z,5.03 
SCCF RECON,ioos:station:SCCF:53,26.6493,-81.8810,2021-11-24T09:00:00Z,5.05 
SCCF RECON,ioos:station:SCCF:53,26.6493,-81.8810,2021-11-24T10:00:00Z,5.05 
SCCF RECON,ioos:station:SCCF:53,26.6493,-81.8810,2021-11-24T11:00:00Z,5.31 
SCCF RECON,ioos:station:SCCF:53,26.6493,-81.8810,2021-11-24T12:00:00Z,5.3 
SCCF RECON,ioos:station:SCCF:53,26.6493,-81.8810,2021-11-24T13:00:00Z,5.2 
SCCF RECON,ioos:station:SCCF:53,26.6493,-81.8810,2021-11-24T14:00:00Z,5.08 
SCCF RECON,ioos:station:SCCF:53,26.6493,-81.8810,2021-11-24T15:00:00Z,5.05 
SCCF RECON,ioos:station:SCCF:53,26.6493,-81.8810,2021-11-24T16:00:00Z,5.02 
SCCF RECON,ioos:station:SCCF:53,26.6493,-81.8810,2021-11-24T17:00:00Z,5.1 
SCCF RECON,ioos:station:SCCF:53,26.6493,-81.8810,2021-11-24T18:00:00Z,5.18 
SCCF RECON,ioos:station:SCCF:53,26.6493,-81.8810,2021-11-24T19:00:00Z,5.09 
SCCF RECON,ioos:station:SCCF:53,26.6493,-81.8810,2021-11-24T20:00:00Z,5.05 
SCCF RECON,ioos:station:SCCF:53,26.6493,-81.8810,2021-11-24T21:00:00Z,4.93 
SCCF RECON,ioos:station:SCCF:53,26.6493,-81.8810,2021-11-24T22:00:00Z,5.03 
SCCF RECON,ioos:station:SCCF:53,26.6493,-81.8810,2021-11-25T05:00:00Z,4.85 
SCCF RECON,ioos:station:SCCF:53,26.6493,-81.8810,2021-11-25T06:00:00Z,5.01 
SCCF RECON,ioos:station:SCCF:53,26.6493,-81.8810,2021-11-25T07:00:00Z,4.99 
SCCF RECON,ioos:station:SCCF:53,26.6493,-81.8810,2021-11-25T08:00:00Z,4.88 
SCCF RECON,ioos:station:SCCF:53,26.6493,-81.8810,2021-11-25T09:00:00Z,4.96 
SCCF RECON,ioos:station:SCCF:53,26.6493,-81.8810,2021-11-25T10:00:00Z,4.78 
SCCF RECON,ioos:station:SCCF:53,26.6493,-81.8810,2021-11-25T11:00:00Z,4.7 
SCCF RECON,ioos:station:SCCF:53,26.6493,-81.8810,2021-11-25T12:00:00Z,4.79 
SCCF RECON,ioos:station:SCCF:53,26.6493,-81.8810,2021-11-25T13:00:00Z,4.87 
SCCF RECON,ioos:station:SCCF:53,26.6493,-81.8810,2021-11-25T14:00:00Z,4.85 
SCCF RECON,ioos:station:SCCF:53,26.6493,-81.8810,2021-11-25T15:00:00Z,4.72 
SCCF RECON,ioos:station:SCCF:53,26.6493,-81.8810,2021-11-25T16:00:00Z,4.73 
SCCF RECON,ioos:station:SCCF:53,26.6493,-81.8810,2021-11-25T17:00:00Z,4.65 
SCCF RECON,ioos:station:SCCF:53,26.6493,-81.8810,2021-11-25T18:00:00Z,4.68 
SCCF RECON,ioos:station:SCCF:53,26.6493,-81.8810,2021-11-25T19:00:00Z,4.7 
SCCF RECON,ioos:station:SCCF:53,26.6493,-81.8810,2021-11-25T20:00:00Z,4.76 
SCCF RECON,ioos:station:SCCF:53,26.6493,-81.8810,2021-11-25T21:00:00Z,4.76 
SCCF RECON,ioos:station:SCCF:53,26.6493,-81.8810,2021-11-25T22:00:00Z,4.78 
SCCF RECON,ioos:station:SCCF:53,26.6493,-81.8810,2021-11-26T05:00:00Z,4.6 
SCCF RECON,ioos:station:SCCF:53,26.6493,-81.8810,2021-11-26T06:00:00Z,4.57 
SCCF RECON,ioos:station:SCCF:53,26.6493,-81.8810,2021-11-26T07:00:00Z,4.75 
SCCF RECON,ioos:station:SCCF:53,26.6493,-81.8810,2021-11-26T08:00:00Z,4.68 
SCCF RECON,ioos:station:SCCF:53,26.6493,-81.8810,2021-11-26T09:00:00Z,4.55 
SCCF RECON,ioos:station:SCCF:53,26.6493,-81.8810,2021-11-26T10:00:00Z,4.52 
SCCF RECON,ioos:station:SCCF:53,26.6493,-81.8810,2021-11-26T11:00:00Z,4.64 
SCCF RECON,ioos:station:SCCF:53,26.6493,-81.8810,2021-11-26T12:00:00Z,4.6 
SCCF RECON,ioos:station:SCCF:53,26.6493,-81.8810,2021-11-26T13:00:00Z,4.49 
SCCF RECON,ioos:station:SCCF:53,26.6493,-81.8810,2021-11-26T14:00:00Z,4.51 
SCCF RECON,ioos:station:SCCF:53,26.6493,-81.8810,2021-11-26T15:00:00Z,4.48 
SCCF RECON,ioos:station:SCCF:53,26.6493,-81.8810,2021-11-26T16:00:00Z,4.51 
SCCF RECON,ioos:station:SCCF:53,26.6493,-81.8810,2021-11-26T17:00:00Z,4.44 
SCCF RECON,ioos:station:SCCF:53,26.6493,-81.8810,2021-11-26T18:00:00Z,4.45 
SCCF RECON,ioos:station:SCCF:53,26.6493,-81.8810,2021-11-26T19:00:00Z,4.46 
SCCF RECON,ioos:station:SCCF:53,26.6493,-81.8810,2021-11-26T20:00:00Z,4.52 
SCCF RECON,ioos:station:SCCF:53,26.6493,-81.8810,2021-11-26T21:00:00Z,4.62 
SCCF RECON,ioos:station:SCCF:53,26.6493,-81.8810,2021-11-26T22:00:00Z,4.61 
SCCF RECON,ioos:station:SCCF:53,26.6493,-81.8810,2021-11-27T05:00:00Z,4.46 
SCCF RECON,ioos:station:SCCF:53,26.6493,-81.8810,2021-11-27T06:00:00Z,4.64 
SCCF RECON,ioos:station:SCCF:53,26.6493,-81.8810,2021-11-27T07:00:00Z,4.64 
SCCF RECON,ioos:station:SCCF:53,26.6493,-81.8810,2021-11-27T08:00:00Z,4.5 
SCCF RECON,ioos:station:SCCF:53,26.6493,-81.8810,2021-11-27T09:00:00Z,4.66 
SCCF RECON,ioos:station:SCCF:53,26.6493,-81.8810,2021-11-27T10:00:00Z,4.54 
SCCF RECON,ioos:station:SCCF:53,26.6493,-81.8810,2021-11-27T11:00:00Z,4.21 
SCCF RECON,ioos:station:SCCF:53,26.6493,-81.8810,2021-11-27T12:00:00Z,4.14 
SCCF RECON,ioos:station:SCCF:53,26.6493,-81.8810,2021-11-27T13:00:00Z,3.98 
SCCF RECON,ioos:station:SCCF:53,26.6493,-81.8810,2021-11-27T14:00:00Z,3.85 
SCCF RECON,ioos:station:SCCF:53,26.6493,-81.8810,2021-11-27T15:00:00Z,3.84 
SCCF RECON,ioos:station:SCCF:53,26.6493,-81.8810,2021-11-27T16:00:00Z,3.84 
SCCF RECON,ioos:station:SCCF:53,26.6493,-81.8810,2021-11-27T17:00:00Z,3.88 
SCCF RECON,ioos:station:SCCF:53,26.6493,-81.8810,2021-11-27T18:00:00Z,3.94 
SCCF RECON,ioos:station:SCCF:53,26.6493,-81.8810,2021-11-27T19:00:00Z,3.92 
SCCF RECON,ioos:station:SCCF:53,26.6493,-81.8810,2021-11-27T20:00:00Z,3.97 
SCCF RECON,ioos:station:SCCF:53,26.6493,-81.8810,2021-11-27T21:00:00Z,4.1 
SCCF RECON,ioos:station:SCCF:53,26.6493,-81.8810,2021-11-27T22:00:00Z,4.11 
SCCF RECON,ioos:station:SCCF:53,26.6493,-81.8810,2021-11-28T05:00:00Z,3.99 
SCCF RECON,ioos:station:SCCF:53,26.6493,-81.8810,2021-11-28T06:00:00Z,4.14 
SCCF RECON,ioos:station:SCCF:53,26.6493,-81.8810,2021-11-28T07:00:00Z,4.27 
SCCF RECON,ioos:station:SCCF:53,26.6493,-81.8810,2021-11-28T08:00:00Z,4.25 
SCCF RECON,ioos:station:SCCF:53,26.6493,-81.8810,2021-11-28T09:00:00Z,4.2 
SCCF RECON,ioos:station:SCCF:53,26.6493,-81.8810,2021-11-28T10:00:00Z,4.33 
SCCF RECON,ioos:station:SCCF:53,26.6493,-81.8810,2021-11-28T11:00:00Z,4.54 
SCCF RECON,ioos:station:SCCF:53,26.6493,-81.8810,2021-11-28T12:00:00Z,4.08 
SCCF RECON,ioos:station:SCCF:53,26.6493,-81.8810,2021-11-28T13:00:00Z,4.06 
SCCF RECON,ioos:station:SCCF:53,26.6493,-81.8810,2021-11-28T14:00:00Z,3.91 
SCCF RECON,ioos:station:SCCF:53,26.6493,-81.8810,2021-11-28T15:00:00Z,3.84 
SCCF RECON,ioos:station:SCCF:53,26.6493,-81.8810,2021-11-28T16:00:00Z,3.82 
SCCF RECON,ioos:station:SCCF:53,26.6493,-81.8810,2021-11-28T17:00:00Z,3.91 
SCCF RECON,ioos:station:SCCF:53,26.6493,-81.8810,2021-11-28T18:00:00Z,3.92 
SCCF RECON,ioos:station:SCCF:53,26.6493,-81.8810,2021-11-28T19:00:00Z,4.07 
SCCF RECON,ioos:station:SCCF:53,26.6493,-81.8810,2021-11-28T20:00:00Z,4.03 
SCCF RECON,ioos:station:SCCF:53,26.6493,-81.8810,2021-11-28T22:00:00Z,4.28 
SCCF RECON,ioos:station:SCCF:53,26.6493,-81.8810,2021-11-28T23:00:00Z,4.3 
SCCF RECON,ioos:station:SCCF:53,26.6493,-81.8810,2021-11-29T05:00:00Z,4.0 
SCCF RECON,ioos:station:SCCF:53,26.6493,-81.8810,2021-11-29T06:00:00Z,4.14 
SCCF RECON,ioos:station:SCCF:53,26.6493,-81.8810,2021-11-29T07:00:00Z,4.32 
SCCF RECON,ioos:station:SCCF:53,26.6493,-81.8810,2021-11-29T08:00:00Z,4.17 
SCCF RECON,ioos:station:SCCF:53,26.6493,-81.8810,2021-11-29T09:00:00Z,4.23 
SCCF RECON,ioos:station:SCCF:53,26.6493,-81.8810,2021-11-29T10:00:00Z,4.46 
SCCF RECON,ioos:station:SCCF:53,26.6493,-81.8810,2021-11-29T11:00:00Z,4.03 
SCCF RECON,ioos:station:SCCF:53,26.6493,-81.8810,2021-11-29T12:00:00Z,3.98 
SCCF RECON,ioos:station:SCCF:53,26.6493,-81.8810,2021-11-29T13:00:00Z,3.91 
SCCF RECON,ioos:station:SCCF:53,26.6493,-81.8810,2021-11-29T14:00:00Z,3.94 
SCCF RECON,ioos:station:SCCF:53,26.6493,-81.8810,2021-11-29T15:00:00Z,4.15 
SCCF RECON,ioos:station:SCCF:53,26.6493,-81.8810,2021-11-29T16:00:00Z,3.97 
SCCF RECON,ioos:station:SCCF:53,26.6493,-81.8810,2021-11-29T17:00:00Z,3.95 
SCCF RECON,ioos:station:SCCF:53,26.6493,-81.8810,2021-11-29T18:00:00Z,3.93 
SCCF RECON,ioos:station:SCCF:53,26.6493,-81.8810,2021-11-29T19:00:00Z,4.11 
SCCF RECON,ioos:station:SCCF:53,26.6493,-81.8810,2021-11-29T20:00:00Z,4.21 
SCCF RECON,ioos:station:SCCF:53,26.6493,-81.8810,2021-11-29T21:00:00Z,4.37 
SCCF RECON,ioos:station:SCCF:53,26.6493,-81.8810,2021-11-29T22:00:00Z,4.29 
SCCF RECON,ioos:station:SCCF:53,26.6493,-81.8810,2021-11-30T05:00:00Z,4.78 
SCCF RECON,ioos:station:SCCF:53,26.6493,-81.8810,2021-11-30T06:00:00Z,4.35 
SCCF RECON,ioos:station:SCCF:53,26.6493,-81.8810,2021-11-30T07:00:00Z,4.78 
SCCF RECON,ioos:station:SCCF:53,26.6493,-81.8810,2021-11-30T08:00:00Z,4.63 
SCCF RECON,ioos:station:SCCF:53,26.6493,-81.8810,2021-11-30T09:00:00Z,5.17 
SCCF RECON,ioos:station:SCCF:53,26.6493,-81.8810,2021-11-30T10:00:00Z,4.92 
SCCF RECON,ioos:station:SCCF:53,26.6493,-81.8810,2021-11-30T11:00:00Z,5.0 
SCCF RECON,ioos:station:SCCF:53,26.6493,-81.8810,2021-11-30T12:00:00Z,4.46 
SCCF RECON,ioos:station:SCCF:53,26.6493,-81.8810,2021-11-30T13:00:00Z,4.41 
SCCF RECON,ioos:station:SCCF:53,26.6493,-81.8810,2021-11-30T14:00:00Z,4.13 
SCCF RECON,ioos:station:SCCF:53,26.6493,-81.8810,2021-11-30T15:00:00Z,4.22 
SCCF RECON,ioos:station:SCCF:53,26.6493,-81.8810,2021-11-30T16:00:00Z,4.28 
SCCF RECON,ioos:station:SCCF:53,26.6493,-81.8810,2021-11-30T17:00:00Z,4.31 
SCCF RECON,ioos:station:SCCF:53,26.6493,-81.8810,2021-11-30T18:00:00Z,4.4 
SCCF RECON,ioos:station:SCCF:53,26.6493,-81.8810,2021-11-30T19:00:00Z,4.33 
SCCF RECON,ioos:station:SCCF:53,26.6493,-81.8810,2021-11-30T20:00:00Z,4.53 
SCCF RECON,ioos:station:SCCF:53,26.6493,-81.8810,2021-11-30T21:00:00Z,4.6 
SCCF RECON,ioos:station:SCCF:53,26.6493,-81.8810,2021-11-30T22:00:00Z,5.61 
 
DISCLAIMER: The Gulf of Mexico Coastal and Ocean Observing (GCOOS) Data Portal aggregates data from the regional data providers for the convenience of all data users. Data published on this website should not be used for navigation or certain other uses as we cannot guarantee data accuracy or availability. The data and delivery services are provided 'as is' without warranty of any kind. Data Source: Gulf of Mexico Coastal Ocean Observing System Data Portal (http://data.gcoos.org/) 
